Date,Close
3/2/2015 16:00:00,32.94
3/3/2015 16:00:00,32.74
3/4/2015 16:00:00,32.82
3/5/2015 16:00:00,32.65
3/6/2015 16:00:00,32.18
3/9/2015 16:00:00,32.24
3/10/2015 16:00:00,32
3/11/2015 16:00:00,31.86
3/12/2015 16:00:00,32.21
3/13/2015 16:00:00,32.21
3/16/2015 16:00:00,32.63
3/17/2015 16:00:00,32.37
3/18/2015 16:00:00,32.57
3/19/2015 16:00:00,32.35
3/20/2015 16:00:00,32.45
3/23/2015 16:00:00,33.2
3/24/2015 16:00:00,32.7
3/25/2015 16:00:00,32.49
3/26/2015 16:00:00,32.36
3/27/2015 16:00:00,32.71
3/30/2015 16:00:00,33.16
3/31/2015 16:00:00,32.96
4/1/2015 16:00:00,32.52
4/2/2015 16:00:00,32.57
4/6/2015 16:00:00,32.66
4/7/2015 16:00:00,32.72
4/8/2015 16:00:00,32.82
4/9/2015 16:00:00,33.19
4/10/2015 16:00:00,33.57
4/13/2015 16:00:00,33.24
4/14/2015 16:00:00,33.19
4/15/2015 16:00:00,33.36
4/16/2015 16:00:00,33.34
4/17/2015 16:00:00,33.19
4/20/2015 16:00:00,33.17
4/21/2015 16:00:00,33.05
4/22/2015 16:00:00,33.09
4/23/2015 16:00:00,33.5
4/24/2015 16:00:00,33.41
4/27/2015 16:00:00,32.77
4/28/2015 16:00:00,32.66
4/29/2015 16:00:00,32.48
4/30/2015 16:00:00,32.14
5/1/2015 16:00:00,32.29
5/4/2015 16:00:00,32.51
5/5/2015 16:00:00,32.32
5/6/2015 16:00:00,31.7
5/7/2015 16:00:00,31.81
5/8/2015 16:00:00,32.23
5/11/2015 16:00:00,32.17
5/12/2015 16:00:00,32
5/13/2015 16:00:00,31.76
5/14/2015 16:00:00,32.15
5/15/2015 16:00:00,32.2
5/18/2015 16:00:00,32.19
5/19/2015 16:00:00,32.41
5/20/2015 16:00:00,32.49
5/21/2015 16:00:00,32.55
5/22/2015 16:00:00,32.47
5/26/2015 16:00:00,32.31
5/27/2015 16:00:00,32.49
5/28/2015 16:00:00,32.63
5/29/2015 16:00:00,32.92
6/1/2015 16:00:00,32.74
6/2/2015 16:00:00,32.67
6/3/2015 16:00:00,32.6
6/4/2015 16:00:00,32.44
6/5/2015 16:00:00,32.29
6/8/2015 16:00:00,32.19
6/9/2015 16:00:00,32.22
6/10/2015 16:00:00,32.5
6/11/2015 16:00:00,32.65
6/12/2015 16:00:00,32.41
6/15/2015 16:00:00,32.25
6/16/2015 16:00:00,32.25
6/17/2015 16:00:00,32.19
6/18/2015 16:00:00,32.56
6/19/2015 16:00:00,32.38
6/22/2015 16:00:00,32.5
6/23/2015 16:00:00,32.68
6/24/2015 16:00:00,32.43
6/25/2015 16:00:00,32.23
6/26/2015 16:00:00,32.13
6/29/2015 16:00:00,31.82
6/30/2015 16:00:00,31.76
7/1/2015 16:00:00,31.92
7/2/2015 16:00:00,31.61
7/6/2015 16:00:00,31.5
7/7/2015 16:00:00,31.95
7/8/2015 16:00:00,31.69
7/9/2015 16:00:00,32.08
7/10/2015 16:00:00,32.55
7/13/2015 16:00:00,32.99
7/14/2015 16:00:00,33.23
7/15/2015 16:00:00,33.14
7/16/2015 16:00:00,33.25
7/17/2015 16:00:00,33.22
7/20/2015 16:00:00,33.38
7/21/2015 16:00:00,33.29
7/22/2015 16:00:00,33.04
7/23/2015 16:00:00,32.95
7/24/2015 16:00:00,32.46
7/27/2015 16:00:00,32.53
7/28/2015 16:00:00,33.49
7/29/2015 16:00:00,33.88
7/30/2015 16:00:00,33.85
7/31/2015 16:00:00,34.16
8/3/2015 16:00:00,34.25
8/4/2015 16:00:00,34.21
8/5/2015 16:00:00,33.93
8/6/2015 16:00:00,33.32
8/7/2015 16:00:00,33.34
8/10/2015 16:00:00,33.5
8/11/2015 16:00:00,33.27
8/12/2015 16:00:00,33.51
8/13/2015 16:00:00,33.5
8/14/2015 16:00:00,33.46
8/17/2015 16:00:00,33.63
8/18/2015 16:00:00,33.65
8/19/2015 16:00:00,33.41
8/20/2015 16:00:00,32.73
8/21/2015 16:00:00,31.77
8/24/2015 16:00:00,30.44
8/25/2015 16:00:00,29.69
8/26/2015 16:00:00,30.72
8/27/2015 16:00:00,31.51
8/28/2015 16:00:00,30.94
8/31/2015 16:00:00,30.52
9/1/2015 16:00:00,29.71
9/2/2015 16:00:00,30.29
9/3/2015 16:00:00,30.21
9/4/2015 16:00:00,29.72
9/8/2015 16:00:00,30.82
9/9/2015 16:00:00,30.28
9/10/2015 16:00:00,30.9
9/11/2015 16:00:00,31.23
9/14/2015 16:00:00,30.99
9/15/2015 16:00:00,31.42
9/16/2015 16:00:00,31.43
9/17/2015 16:00:00,31.72
9/18/2015 16:00:00,31.12
9/21/2015 16:00:00,30.71
9/22/2015 16:00:00,30.56
9/23/2015 16:00:00,30.9
9/24/2015 16:00:00,30.98
9/25/2015 16:00:00,30.21
9/28/2015 16:00:00,29.2
9/29/2015 16:00:00,29.39
9/30/2015 16:00:00,29.76
10/1/2015 16:00:00,30.16
10/2/2015 16:00:00,31.34
10/5/2015 16:00:00,31.72
10/6/2015 16:00:00,31.06
10/7/2015 16:00:00,31.54
10/8/2015 16:00:00,31.35
10/9/2015 16:00:00,31.49
10/12/2015 16:00:00,31.47
10/13/2015 16:00:00,31.24
10/14/2015 16:00:00,31.3
10/15/2015 16:00:00,32.29
10/16/2015 16:00:00,32.6
10/19/2015 16:00:00,32.68
10/20/2015 16:00:00,32.21
10/21/2015 16:00:00,31.7
10/22/2015 16:00:00,31.57
10/23/2015 16:00:00,32.26
10/26/2015 16:00:00,32.36
10/27/2015 16:00:00,33.15
10/28/2015 16:00:00,33.58
10/29/2015 16:00:00,32.94
10/30/2015 16:00:00,32.04
11/2/2015 16:00:00,33.21
11/3/2015 16:00:00,33.13
11/4/2015 16:00:00,32.34
11/5/2015 16:00:00,32.35
11/6/2015 16:00:00,32.14
11/9/2015 16:00:00,31.88
11/10/2015 16:00:00,32.01
11/11/2015 16:00:00,31.96
11/12/2015 16:00:00,31.63
11/13/2015 16:00:00,31.52
11/16/2015 16:00:00,31.41
11/17/2015 16:00:00,31.14
11/18/2015 16:00:00,31.56
11/19/2015 16:00:00,30.59
11/20/2015 16:00:00,30.49
11/23/2015 16:00:00,29.68
11/24/2015 16:00:00,30.29
11/25/2015 16:00:00,31.14
11/27/2015 16:00:00,31.06
11/30/2015 16:00:00,31.04
12/1/2015 16:00:00,31.85
12/2/2015 16:00:00,31.17
12/3/2015 16:00:00,30.68
12/4/2015 16:00:00,31.07
12/7/2015 16:00:00,30.94
12/8/2015 16:00:00,30.82
12/9/2015 16:00:00,30.59
12/10/2015 16:00:00,30.66
12/11/2015 16:00:00,30.37
12/14/2015 16:00:00,30.49
12/15/2015 16:00:00,30.56
12/16/2015 16:00:00,30.86
12/17/2015 16:00:00,30.63
12/18/2015 16:00:00,30.31
12/21/2015 16:00:00,30.75
12/22/2015 16:00:00,30.81
12/23/2015 16:00:00,30.85
12/24/2015 16:00:00,30.9
12/28/2015 16:00:00,30.71
12/29/2015 16:00:00,31.1
12/30/2015 16:00:00,31.03
12/31/2015 16:00:00,30.58
1/4/2016 16:00:00,30.27
1/5/2016 16:00:00,30.49
1/6/2016 16:00:00,29.95
1/7/2016 16:00:00,29.75
1/8/2016 16:00:00,29.37
1/11/2016 16:00:00,29.43
1/12/2016 16:00:00,29.37
1/13/2016 16:00:00,28.77
1/14/2016 16:00:00,29.47
1/15/2016 16:00:00,29.19
1/19/2016 16:00:00,29.07
1/20/2016 16:00:00,29.05
1/21/2016 16:00:00,28.97
1/22/2016 16:00:00,29.09
1/25/2016 16:00:00,28.89
1/26/2016 16:00:00,29.05
1/27/2016 16:00:00,28.91
1/28/2016 16:00:00,28.61
1/29/2016 16:00:00,28.88
2/1/2016 16:00:00,28.58
2/2/2016 16:00:00,28.55
2/3/2016 16:00:00,28.11
2/4/2016 16:00:00,27.47
2/5/2016 16:00:00,27.5
2/8/2016 16:00:00,27.06
2/9/2016 16:00:00,27.57
2/10/2016 16:00:00,27.94
2/11/2016 16:00:00,27.6
2/12/2016 16:00:00,27.81
2/16/2016 16:00:00,28.24
2/17/2016 16:00:00,28.07
2/18/2016 16:00:00,27.99
2/19/2016 16:00:00,27.94
2/22/2016 16:00:00,28.47
2/23/2016 16:00:00,28.38
2/24/2016 16:00:00,28.44
2/25/2016 16:00:00,28.98
2/26/2016 16:00:00,28.64
2/29/2016 16:00:00,28.11
3/1/2016 16:00:00,28.46
3/2/2016 16:00:00,28.4
3/3/2016 16:00:00,28.32
3/4/2016 16:00:00,28.15
3/7/2016 16:00:00,28.22
3/8/2016 16:00:00,27.81
3/9/2016 16:00:00,28.17
3/10/2016 16:00:00,28.03
3/11/2016 16:00:00,28.89
3/14/2016 16:00:00,28.51
3/15/2016 16:00:00,27.98
3/16/2016 16:00:00,27.51
3/17/2016 16:00:00,27.79
3/18/2016 16:00:00,27.9
3/21/2016 16:00:00,28.49
3/22/2016 16:00:00,28.78
3/23/2016 16:00:00,28.6
3/24/2016 16:00:00,28.5
3/28/2016 16:00:00,28.21
3/29/2016 16:00:00,28.47
3/30/2016 16:00:00,28.49
3/31/2016 16:00:00,28.08
4/1/2016 16:00:00,28.46
4/4/2016 16:00:00,29.1
4/5/2016 16:00:00,29.71
4/6/2016 16:00:00,31.2
4/7/2016 16:00:00,31.03
4/8/2016 16:00:00,30.79
4/11/2016 16:00:00,30.21
4/12/2016 16:00:00,30.28
4/13/2016 16:00:00,30.83
4/14/2016 16:00:00,30.93
4/15/2016 16:00:00,30.79
4/18/2016 16:00:00,30.89
4/19/2016 16:00:00,31.16
4/20/2016 16:00:00,31.48
4/21/2016 16:00:00,31.49
4/22/2016 16:00:00,31.52
4/25/2016 16:00:00,31.46
4/26/2016 16:00:00,31.31
4/27/2016 16:00:00,31.26
4/28/2016 16:00:00,31.18
4/29/2016 16:00:00,30.99
5/2/2016 16:00:00,31.07
5/3/2016 16:00:00,31.93
5/4/2016 16:00:00,31.64
5/5/2016 16:00:00,31.8
5/6/2016 16:00:00,31.81
5/9/2016 16:00:00,32.04
5/10/2016 16:00:00,32.02
5/11/2016 16:00:00,31.41
5/12/2016 16:00:00,31.44
5/13/2016 16:00:00,31.44
5/16/2016 16:00:00,31.62
5/17/2016 16:00:00,31.29
5/18/2016 16:00:00,31.42
5/19/2016 16:00:00,31.62
5/20/2016 16:00:00,31.96
5/23/2016 16:00:00,31.9
5/24/2016 16:00:00,32.3
5/25/2016 16:00:00,32.54
5/26/2016 16:00:00,32.62
5/27/2016 16:00:00,32.79
5/31/2016 16:00:00,32.87
6/1/2016 16:00:00,32.92
6/2/2016 16:00:00,33.03
6/3/2016 16:00:00,32.86
6/6/2016 16:00:00,33.09
6/7/2016 16:00:00,33.01
6/8/2016 16:00:00,33.39
6/9/2016 16:00:00,33.45
6/10/2016 16:00:00,33.43
6/13/2016 16:00:00,32.91
6/14/2016 16:00:00,33.15
6/15/2016 16:00:00,32.96
6/16/2016 16:00:00,32.92
6/17/2016 16:00:00,32.42
6/20/2016 16:00:00,32.68
6/21/2016 16:00:00,32.92
6/22/2016 16:00:00,32.65
6/23/2016 16:00:00,32.77
6/24/2016 16:00:00,32.18
6/27/2016 16:00:00,32.02
6/28/2016 16:00:00,32.63
6/29/2016 16:00:00,33.17
6/30/2016 16:00:00,33.36
7/1/2016 16:00:00,33.7
7/5/2016 16:00:00,33.92
7/6/2016 16:00:00,33.97
7/7/2016 16:00:00,33.89
7/8/2016 16:00:00,34.22
7/11/2016 16:00:00,34.25
7/12/2016 16:00:00,34.33
7/13/2016 16:00:00,34.4
7/14/2016 16:00:00,34.98
7/15/2016 16:00:00,34.83
7/18/2016 16:00:00,34.71
7/19/2016 16:00:00,34.71
7/20/2016 16:00:00,34.75
7/21/2016 16:00:00,34.78
7/22/2016 16:00:00,34.81
7/25/2016 16:00:00,34.84
7/26/2016 16:00:00,34.89
7/27/2016 16:00:00,34.91
7/28/2016 16:00:00,34.74
7/29/2016 16:00:00,34.95
8/1/2016 16:00:00,35.35
8/2/2016 16:00:00,34.47
8/3/2016 16:00:00,33.43
8/4/2016 16:00:00,33.3
8/5/2016 16:00:00,33.57
8/8/2016 16:00:00,33.09
8/9/2016 16:00:00,33.23
8/10/2016 16:00:00,33.28
8/11/2016 16:00:00,33.3
8/12/2016 16:00:00,33.14
8/15/2016 16:00:00,33.26
8/16/2016 16:00:00,32.96
8/17/2016 16:00:00,33.29
8/18/2016 16:00:00,33.34
8/19/2016 16:00:00,33.14
8/22/2016 16:00:00,33.01
8/23/2016 16:00:00,33.24
8/24/2016 16:00:00,32.99
8/25/2016 16:00:00,32.94
8/26/2016 16:00:00,32.99
8/29/2016 16:00:00,33.26
8/30/2016 16:00:00,33.04
8/31/2016 16:00:00,32.97
9/1/2016 16:00:00,32.85
9/2/2016 16:00:00,32.94
9/6/2016 16:00:00,32.94
9/7/2016 16:00:00,33.01
9/8/2016 16:00:00,32.89
9/9/2016 16:00:00,32.3
9/12/2016 16:00:00,32.83
9/13/2016 16:00:00,32.25
9/14/2016 16:00:00,32.15
9/15/2016 16:00:00,32.34
9/16/2016 16:00:00,32.15
9/19/2016 16:00:00,31.88
9/20/2016 16:00:00,32.03
9/21/2016 16:00:00,32.47
9/22/2016 16:00:00,32.35
9/23/2016 16:00:00,32.46
9/26/2016 16:00:00,31.87
9/27/2016 16:00:00,32.05
9/28/2016 16:00:00,32.2
9/29/2016 16:00:00,31.57
9/30/2016 16:00:00,32.09
10/3/2016 16:00:00,31.91
10/4/2016 16:00:00,31.94
10/5/2016 16:00:00,32.11
10/6/2016 16:00:00,31.88
10/7/2016 16:00:00,31.79
10/10/2016 16:00:00,31.84
10/11/2016 16:00:00,31.39
10/12/2016 16:00:00,31.33
10/13/2016 16:00:00,31.03
10/14/2016 16:00:00,30.94
10/17/2016 16:00:00,30.79
10/18/2016 16:00:00,30.97
10/19/2016 16:00:00,30.88
10/20/2016 16:00:00,30.83
10/21/2016 16:00:00,30.49
10/24/2016 16:00:00,30.44
10/25/2016 16:00:00,30.58
10/26/2016 16:00:00,30.69
10/27/2016 16:00:00,30.77
10/28/2016 16:00:00,30.25
10/31/2016 16:00:00,30.04
11/1/2016 16:00:00,29.43
11/2/2016 16:00:00,29.02
11/3/2016 16:00:00,28.32
11/4/2016 16:00:00,28.42
11/7/2016 16:00:00,28.78
11/8/2016 16:00:00,28.42
11/9/2016 16:00:00,30.43
11/10/2016 16:00:00,31.73
11/11/2016 16:00:00,30.87
11/14/2016 16:00:00,30.67
11/15/2016 16:00:00,30.53
11/16/2016 16:00:00,30.28
11/17/2016 16:00:00,30.06
11/18/2016 16:00:00,29.82
11/21/2016 16:00:00,29.91
11/22/2016 16:00:00,29.68
11/23/2016 16:00:00,29.77
11/25/2016 16:00:00,30.02
11/28/2016 16:00:00,29.88
11/29/2016 16:00:00,30.24
11/30/2016 16:00:00,30.45
12/1/2016 16:00:00,29.8
12/2/2016 16:00:00,29.96
12/5/2016 16:00:00,29.93
12/6/2016 16:00:00,29.9
12/7/2016 16:00:00,29.55
12/8/2016 16:00:00,29.31
12/9/2016 16:00:00,30.03
12/12/2016 16:00:00,30.69
12/13/2016 16:00:00,31.1
12/14/2016 16:00:00,31.09
12/15/2016 16:00:00,31.03
12/16/2016 16:00:00,31.11
12/19/2016 16:00:00,31.1
12/20/2016 16:00:00,31.12
12/21/2016 16:00:00,30.69
12/22/2016 16:00:00,30.64
12/23/2016 16:00:00,30.77
12/27/2016 16:00:00,30.82
12/28/2016 16:00:00,30.65
12/29/2016 16:00:00,30.78
12/30/2016 16:00:00,30.77
1/3/2017 16:00:00,31.26
1/4/2017 16:00:00,31.54
1/5/2017 16:00:00,31.84
1/6/2017 16:00:00,31.72
1/9/2017 16:00:00,31.71
1/10/2017 16:00:00,31.68
1/11/2017 16:00:00,31.1
1/12/2017 16:00:00,30.88
1/13/2017 16:00:00,30.81
1/17/2017 16:00:00,30.37
1/18/2017 16:00:00,30.34
1/19/2017 16:00:00,30.03
1/20/2017 16:00:00,30.1
1/23/2017 16:00:00,29.8
1/24/2017 16:00:00,29.51
1/25/2017 16:00:00,29.64
1/26/2017 16:00:00,29.63
1/27/2017 16:00:00,29.77
1/30/2017 16:00:00,29.66
1/31/2017 16:00:00,30.06
2/1/2017 16:00:00,30
2/2/2017 16:00:00,30.06
2/3/2017 16:00:00,30.4
2/6/2017 16:00:00,30.53
2/7/2017 16:00:00,30.39
2/8/2017 16:00:00,30.45
2/9/2017 16:00:00,30.67
2/10/2017 16:00:00,30.65
2/13/2017 16:00:00,30.89
2/14/2017 16:00:00,31.03
2/15/2017 16:00:00,31.75
2/16/2017 16:00:00,31.85
2/17/2017 16:00:00,31.85
2/21/2017 16:00:00,31.85
2/22/2017 16:00:00,31.82
2/23/2017 16:00:00,32.27
2/24/2017 16:00:00,32.46
2/27/2017 16:00:00,32.47
2/28/2017 16:00:00,32.32
3/1/2017 16:00:00,32.61
3/2/2017 16:00:00,32.69
3/3/2017 16:00:00,32.7
3/6/2017 16:00:00,32.54
3/7/2017 16:00:00,32.2
3/8/2017 16:00:00,32.12
3/9/2017 16:00:00,32.26
3/10/2017 16:00:00,32.31
3/13/2017 16:00:00,32.31
3/14/2017 16:00:00,32.42
3/15/2017 16:00:00,32.81
3/16/2017 16:00:00,32.62
3/17/2017 16:00:00,32.51
3/20/2017 16:00:00,32.57
3/21/2017 16:00:00,32.45
3/22/2017 16:00:00,32.65
3/23/2017 16:00:00,32.48
3/24/2017 16:00:00,32.21
3/27/2017 16:00:00,32.38
3/28/2017 16:00:00,32.36
3/29/2017 16:00:00,32.52
3/30/2017 16:00:00,32.54
3/31/2017 16:00:00,32.41
4/3/2017 16:00:00,32.44
4/4/2017 16:00:00,32.53
4/5/2017 16:00:00,32.39
4/6/2017 16:00:00,32.31
4/7/2017 16:00:00,32.3
4/10/2017 16:00:00,32.25
4/11/2017 16:00:00,32.14
4/12/2017 16:00:00,32.13
4/13/2017 16:00:00,32.1
4/17/2017 16:00:00,32.21
4/18/2017 16:00:00,32.06
4/19/2017 16:00:00,31.84
4/20/2017 16:00:00,31.96
4/21/2017 16:00:00,31.87
4/24/2017 16:00:00,31.96
4/25/2017 16:00:00,31.98
4/26/2017 16:00:00,32.07
4/27/2017 16:00:00,32.08
4/28/2017 16:00:00,32.13
5/1/2017 16:00:00,32
5/2/2017 16:00:00,31.84
5/3/2017 16:00:00,31.71
5/4/2017 16:00:00,31.69
5/5/2017 16:00:00,31.72
5/8/2017 16:00:00,31.69
5/9/2017 16:00:00,31.62
5/10/2017 16:00:00,31.29
5/11/2017 16:00:00,31.3
5/12/2017 16:00:00,31.27
5/15/2017 16:00:00,31.38
5/16/2017 16:00:00,30.88
5/17/2017 16:00:00,30.53
5/18/2017 16:00:00,30.52
5/19/2017 16:00:00,30.75
5/22/2017 16:00:00,30.43
5/23/2017 16:00:00,30.45
5/24/2017 16:00:00,30.36
5/25/2017 16:00:00,30.47
5/26/2017 16:00:00,30.45
5/30/2017 16:00:00,30.44
5/31/2017 16:00:00,30.93
6/1/2017 16:00:00,30.99
6/2/2017 16:00:00,30.83
6/5/2017 16:00:00,30.65
6/6/2017 16:00:00,30.38
6/7/2017 16:00:00,30.31
6/8/2017 16:00:00,30.08
6/9/2017 16:00:00,31.04
6/12/2017 16:00:00,30.98
6/13/2017 16:00:00,30.86
6/14/2017 16:00:00,30.97
6/15/2017 16:00:00,31.08
6/16/2017 16:00:00,31.23
6/19/2017 16:00:00,31.47
6/20/2017 16:00:00,31.79
6/21/2017 16:00:00,32.1
6/22/2017 16:00:00,32.27
6/23/2017 16:00:00,32.37
6/26/2017 16:00:00,32.25
6/27/2017 16:00:00,31.99
6/28/2017 16:00:00,31.97
6/29/2017 16:00:00,31.86
6/30/2017 16:00:00,31.82
7/3/2017 16:00:00,32.04
7/5/2017 16:00:00,31.87
7/6/2017 16:00:00,31.47
7/7/2017 16:00:00,31.59
7/10/2017 16:00:00,31.65
7/11/2017 16:00:00,31.42
7/12/2017 16:00:00,31.47
7/13/2017 16:00:00,31.53
7/14/2017 16:00:00,31.67
7/17/2017 16:00:00,31.5
7/18/2017 16:00:00,31.6
7/19/2017 16:00:00,31.85
7/20/2017 16:00:00,31.77
7/21/2017 16:00:00,31.72
7/24/2017 16:00:00,31.57
7/25/2017 16:00:00,31.36
7/26/2017 16:00:00,31.16
7/27/2017 16:00:00,31.26
7/28/2017 16:00:00,31.4
7/31/2017 16:00:00,31.41
8/1/2017 16:00:00,31.34
8/2/2017 16:00:00,31.19
8/3/2017 16:00:00,31.67
8/4/2017 16:00:00,31.87
8/7/2017 16:00:00,31.56
8/8/2017 16:00:00,31.53
8/9/2017 16:00:00,31.69
8/10/2017 16:00:00,31.66
8/11/2017 16:00:00,31.5
8/14/2017 16:00:00,31.56
8/15/2017 16:00:00,31.62
8/16/2017 16:00:00,31.6
8/17/2017 16:00:00,31.21
8/18/2017 16:00:00,30.95
8/21/2017 16:00:00,31.03
8/22/2017 16:00:00,31.4
8/23/2017 16:00:00,31.49
8/24/2017 16:00:00,31.48
8/25/2017 16:00:00,31.63
8/28/2017 16:00:00,31.71
8/29/2017 16:00:00,31.74
8/30/2017 16:00:00,31.69
8/31/2017 16:00:00,32.13
9/1/2017 16:00:00,32.17
9/5/2017 16:00:00,32.02
9/6/2017 16:00:00,32.2
9/7/2017 16:00:00,32.2
9/8/2017 16:00:00,32.3
9/11/2017 16:00:00,32.51
9/12/2017 16:00:00,33.51
9/13/2017 16:00:00,33.21
9/14/2017 16:00:00,33.85
9/15/2017 16:00:00,33.5
9/18/2017 16:00:00,33.68
9/19/2017 16:00:00,33.58
9/20/2017 16:00:00,34.09
9/21/2017 16:00:00,34.08
9/22/2017 16:00:00,34.07
9/25/2017 16:00:00,33.64
9/26/2017 16:00:00,33.44
9/27/2017 16:00:00,33.58
9/28/2017 16:00:00,33.73
9/29/2017 16:00:00,33.82
10/2/2017 16:00:00,34.17
10/3/2017 16:00:00,34.24
10/4/2017 16:00:00,34.07
10/5/2017 16:00:00,34.1
10/6/2017 16:00:00,34.15
10/9/2017 16:00:00,34.24
10/10/2017 16:00:00,34.48
10/11/2017 16:00:00,34.53
10/12/2017 16:00:00,34.44
10/13/2017 16:00:00,34.43
10/16/2017 16:00:00,34.09
10/17/2017 16:00:00,34.29
10/18/2017 16:00:00,33.94
10/19/2017 16:00:00,34.33
10/20/2017 16:00:00,34.5
10/23/2017 16:00:00,34.48
10/24/2017 16:00:00,34.36
10/25/2017 16:00:00,34.26
10/26/2017 16:00:00,33.86
10/27/2017 16:00:00,33.73
10/30/2017 16:00:00,33.3
10/31/2017 16:00:00,33.21
11/1/2017 16:00:00,33.4
11/2/2017 16:00:00,33.59
11/3/2017 16:00:00,33.68
11/6/2017 16:00:00,33.46
11/7/2017 16:00:00,33.5
11/8/2017 16:00:00,33.48
11/9/2017 16:00:00,33.35
11/10/2017 16:00:00,33.33
11/13/2017 16:00:00,33.44
11/14/2017 16:00:00,33.52
11/15/2017 16:00:00,33.5
11/16/2017 16:00:00,33.69
11/17/2017 16:00:00,33.51
11/20/2017 16:00:00,33.49
11/21/2017 16:00:00,33.67
11/22/2017 16:00:00,33.56
11/24/2017 13:00:00,33.62
11/27/2017 16:00:00,33.62
11/28/2017 16:00:00,33.96
11/29/2017 16:00:00,34.3
11/30/2017 16:00:00,34.35
12/1/2017 16:00:00,34.44
12/4/2017 16:00:00,34.16
12/5/2017 16:00:00,33.75
12/6/2017 16:00:00,33.69
12/7/2017 16:00:00,33.63
12/8/2017 16:00:00,33.86
12/11/2017 16:00:00,34.3
12/12/2017 16:00:00,34.65
12/13/2017 16:00:00,34.71
12/14/2017 16:00:00,34.54
12/15/2017 16:00:00,35.24
12/18/2017 16:00:00,35.17
12/19/2017 16:00:00,34.99
12/20/2017 16:00:00,34.54
12/21/2017 16:00:00,34.33
12/22/2017 16:00:00,34.24
12/26/2017 16:00:00,34.3
12/27/2017 16:00:00,34.42
12/28/2017 16:00:00,34.45
12/29/2017 16:00:00,34.31
1/2/2018 16:00:00,34.52
1/3/2018 16:00:00,34.78
1/4/2018 16:00:00,34.85
1/5/2018 16:00:00,34.92
1/8/2018 16:00:00,34.53
1/9/2018 16:00:00,34.49
1/10/2018 16:00:00,34.55
1/11/2018 16:00:00,34.63
1/12/2018 16:00:00,34.62
1/16/2018 16:00:00,34.67
1/17/2018 16:00:00,35.22
1/18/2018 16:00:00,35.04
1/19/2018 16:00:00,34.99
1/22/2018 16:00:00,34.99
1/23/2018 16:00:00,34.88
1/24/2018 16:00:00,34.99
1/25/2018 16:00:00,35.27
1/26/2018 16:00:00,36.96
1/29/2018 16:00:00,36.96
1/30/2018 16:00:00,35.81
1/31/2018 16:00:00,35.09
2/1/2018 16:00:00,34.89
2/2/2018 16:00:00,34.68
2/5/2018 16:00:00,32.84
2/6/2018 16:00:00,33.42
2/7/2018 16:00:00,33.14
2/8/2018 16:00:00,31.86
2/9/2018 16:00:00,32.36
2/12/2018 16:00:00,32.83
2/13/2018 16:00:00,33.1
2/14/2018 16:00:00,33.34
2/15/2018 16:00:00,33.83
2/16/2018 16:00:00,34.35
2/20/2018 16:00:00,34.11
2/21/2018 16:00:00,33.88
2/22/2018 16:00:00,33.86
2/23/2018 16:00:00,34.35
2/26/2018 16:00:00,35.14
2/27/2018 16:00:00,34.86
2/28/2018 16:00:00,34.4
3/1/2018 16:00:00,33.75
3/2/2018 16:00:00,34.06
3/5/2018 16:00:00,34.22
3/6/2018 16:00:00,33.99
3/7/2018 16:00:00,34.04
3/8/2018 16:00:00,34.58
3/9/2018 16:00:00,34.83
3/12/2018 16:00:00,34.68
3/13/2018 16:00:00,34.81
3/14/2018 16:00:00,34.44
3/15/2018 16:00:00,34.65
3/16/2018 16:00:00,34.84
3/19/2018 16:00:00,34.42
3/20/2018 16:00:00,34.42
3/21/2018 16:00:00,34.36
3/22/2018 16:00:00,33.73
3/23/2018 16:00:00,32.67
3/26/2018 16:00:00,33.19
3/27/2018 16:00:00,33.17
3/28/2018 16:00:00,33.44
3/29/2018 16:00:00,33.62
4/2/2018 16:00:00,33.2
4/3/2018 16:00:00,33.8
4/4/2018 16:00:00,34.23
4/5/2018 16:00:00,33.85
4/6/2018 16:00:00,33.32
4/9/2018 16:00:00,33.59
4/10/2018 16:00:00,34.06
4/11/2018 16:00:00,33.91
4/12/2018 16:00:00,34.41
4/13/2018 16:00:00,34.41
4/16/2018 16:00:00,34.61
4/17/2018 16:00:00,34.42
4/18/2018 16:00:00,34.57
4/19/2018 16:00:00,34.61
4/20/2018 16:00:00,34.7
4/23/2018 16:00:00,34.86
4/24/2018 16:00:00,35.11
4/25/2018 16:00:00,34.75
4/26/2018 16:00:00,34.91
4/27/2018 16:00:00,35.05
4/30/2018 16:00:00,34.68
5/1/2018 16:00:00,33.54
5/2/2018 16:00:00,33.05
5/3/2018 16:00:00,32.93
5/4/2018 16:00:00,33.01
5/7/2018 16:00:00,33.09
5/8/2018 16:00:00,33.14
5/9/2018 16:00:00,33.32
5/10/2018 16:00:00,33.19
5/11/2018 16:00:00,33.63
5/14/2018 16:00:00,33.97
5/15/2018 16:00:00,33.81
5/16/2018 16:00:00,33.8
5/17/2018 16:00:00,33.83
5/18/2018 16:00:00,33.76
5/21/2018 16:00:00,33.91
5/22/2018 16:00:00,33.84
5/23/2018 16:00:00,34.08
5/24/2018 16:00:00,34
5/25/2018 16:00:00,33.8
5/29/2018 16:00:00,33.82
5/30/2018 16:00:00,34.15
5/31/2018 16:00:00,34.15
6/1/2018 16:00:00,34.34
6/4/2018 16:00:00,34.53
6/5/2018 16:00:00,34.52
6/6/2018 16:00:00,34.46
6/7/2018 16:00:00,34.57
6/8/2018 16:00:00,34.74
6/11/2018 16:00:00,34.39
6/12/2018 16:00:00,34.39
6/13/2018 16:00:00,34.31
6/14/2018 16:00:00,34.26
6/15/2018 16:00:00,34.45
6/18/2018 16:00:00,34.26
6/19/2018 16:00:00,34.31
6/20/2018 16:00:00,34.54
6/21/2018 16:00:00,34.39
6/22/2018 16:00:00,34.59
6/25/2018 16:00:00,34.46
6/26/2018 16:00:00,34.46
6/27/2018 16:00:00,34.3
6/28/2018 16:00:00,34.45
6/29/2018 16:00:00,34.37
7/2/2018 16:00:00,34.42
7/3/2018 13:00:00,34.44
7/5/2018 16:00:00,34.93
7/6/2018 16:00:00,35.16
7/9/2018 16:00:00,35.2
7/10/2018 16:00:00,35.46
7/11/2018 16:00:00,35.25
7/12/2018 16:00:00,35.54
7/13/2018 16:00:00,35.55
7/16/2018 16:00:00,35.41
7/17/2018 16:00:00,35.67
7/18/2018 16:00:00,35.68
7/19/2018 16:00:00,35.39
7/20/2018 16:00:00,35.36
7/23/2018 16:00:00,35.25
7/24/2018 16:00:00,35.71
7/25/2018 16:00:00,35.99
7/26/2018 16:00:00,36.15
7/27/2018 16:00:00,36.39
7/30/2018 16:00:00,36.56
7/31/2018 16:00:00,37.83
8/1/2018 16:00:00,38.15
8/2/2018 16:00:00,37.56
8/3/2018 16:00:00,38.4
8/6/2018 16:00:00,38.88
8/7/2018 16:00:00,38.69
8/8/2018 16:00:00,39.23
8/9/2018 16:00:00,38.84
8/10/2018 16:00:00,38.77
8/13/2018 16:00:00,38.66
8/14/2018 16:00:00,38.57
8/15/2018 16:00:00,38.99
8/16/2018 16:00:00,39.24
8/17/2018 16:00:00,39.87
8/20/2018 16:00:00,40.1
8/21/2018 16:00:00,39.94
8/22/2018 16:00:00,39.85
8/23/2018 16:00:00,39.98
8/24/2018 16:00:00,40.17
8/27/2018 16:00:00,39.39
8/28/2018 16:00:00,39.31
8/29/2018 16:00:00,39.31
8/30/2018 16:00:00,39.31
8/31/2018 16:00:00,39.33
9/4/2018 16:00:00,39.19
9/5/2018 16:00:00,39.65
9/6/2018 16:00:00,39.58
9/7/2018 16:00:00,39.98
9/10/2018 16:00:00,39.84
9/11/2018 16:00:00,40.08
9/12/2018 16:00:00,40.18
9/13/2018 16:00:00,40.59
9/14/2018 16:00:00,40.7
9/17/2018 16:00:00,40.74
9/18/2018 16:00:00,41.22
9/19/2018 16:00:00,40.98
9/20/2018 16:00:00,41.45
9/21/2018 16:00:00,41.74
9/24/2018 16:00:00,41.62
9/25/2018 16:00:00,41.48
9/26/2018 16:00:00,41.38
9/27/2018 16:00:00,41.59
9/28/2018 16:00:00,41.75
10/1/2018 16:00:00,41.94
10/2/2018 16:00:00,41.89
10/3/2018 16:00:00,42.45
10/4/2018 16:00:00,42.35
10/5/2018 16:00:00,42.54
10/8/2018 16:00:00,42.9
10/9/2018 16:00:00,43.08
10/10/2018 16:00:00,42.17
10/11/2018 16:00:00,40.56
10/12/2018 16:00:00,41.47
10/15/2018 16:00:00,40.85
10/16/2018 16:00:00,41.62
10/17/2018 16:00:00,42.22
10/18/2018 16:00:00,41.68
10/19/2018 16:00:00,42.16
10/22/2018 16:00:00,42.03
10/23/2018 16:00:00,41.78
10/24/2018 16:00:00,40.24
10/25/2018 16:00:00,41.12
10/26/2018 16:00:00,40.36
10/29/2018 16:00:00,40.95
10/30/2018 16:00:00,40.63
10/31/2018 16:00:00,40.79
11/1/2018 16:00:00,41.37
11/2/2018 16:00:00,40.67
11/5/2018 16:00:00,41.23
11/6/2018 16:00:00,40.74
11/7/2018 16:00:00,42.06
11/8/2018 16:00:00,41.54
11/9/2018 16:00:00,41.95
11/12/2018 16:00:00,41.79
11/13/2018 16:00:00,41.23
11/14/2018 16:00:00,40.65
11/15/2018 16:00:00,40.93
11/16/2018 16:00:00,41.22
11/19/2018 16:00:00,41.85
11/20/2018 16:00:00,41.24
11/21/2018 16:00:00,40.83
11/23/2018 13:00:00,40.87
11/26/2018 16:00:00,41.06
11/27/2018 16:00:00,41.75
11/28/2018 16:00:00,42.54
11/29/2018 16:00:00,43.11
11/30/2018 16:00:00,43.8
12/3/2018 16:00:00,43.57
12/4/2018 16:00:00,42.76
12/6/2018 16:00:00,42.61
12/7/2018 16:00:00,41.61
12/10/2018 16:00:00,42.06
12/11/2018 16:00:00,41.69
12/12/2018 16:00:00,41.83
12/13/2018 16:00:00,42.22
12/14/2018 16:00:00,41.49
12/17/2018 16:00:00,40.84
12/18/2018 16:00:00,40.17
12/19/2018 16:00:00,39.76
12/20/2018 16:00:00,39.74
12/21/2018 16:00:00,39.72
12/24/2018 13:00:00,38.41
12/26/2018 16:00:00,39.97
12/27/2018 16:00:00,40.59
12/28/2018 16:00:00,40.7
12/31/2018 16:00:00,41.35
1/2/2019 16:00:00,40.97
1/3/2019 16:00:00,39.83
1/4/2019 16:00:00,40.74
1/7/2019 16:00:00,40.95
1/8/2019 16:00:00,41.14
1/9/2019 16:00:00,41.06
1/10/2019 16:00:00,40.08
1/11/2019 16:00:00,40.62
1/14/2019 16:00:00,40.14
1/15/2019 16:00:00,40.48
1/16/2019 16:00:00,39.89
1/17/2019 16:00:00,40.23
1/18/2019 16:00:00,40.29
1/22/2019 16:00:00,40.04
1/23/2019 16:00:00,39.94
1/24/2019 16:00:00,38.79
1/25/2019 16:00:00,38.5
1/28/2019 16:00:00,37.45
1/29/2019 16:00:00,38.62
1/30/2019 16:00:00,39.39
1/31/2019 16:00:00,40.21
2/1/2019 16:00:00,40.62
2/4/2019 16:00:00,40.2
2/5/2019 16:00:00,39.89
2/6/2019 16:00:00,40.1
2/7/2019 16:00:00,39.5
2/8/2019 16:00:00,40.01
2/11/2019 16:00:00,39.48
2/12/2019 16:00:00,39.66
2/13/2019 16:00:00,39.5
2/14/2019 16:00:00,39.76
2/15/2019 16:00:00,40.17
2/19/2019 16:00:00,40.36
2/20/2019 16:00:00,39.98
2/21/2019 16:00:00,39.92
2/22/2019 16:00:00,40.7
2/25/2019 16:00:00,40.81
2/26/2019 16:00:00,40.75
2/27/2019 16:00:00,40.67
2/28/2019 16:00:00,41.07
3/1/2019 16:00:00,41.08
3/4/2019 16:00:00,40.8
3/5/2019 16:00:00,40.63
3/6/2019 16:00:00,39.66
3/7/2019 16:00:00,39.21
3/8/2019 16:00:00,38.74
3/11/2019 16:00:00,39.31
3/12/2019 16:00:00,39.53
3/13/2019 16:00:00,39.8
3/14/2019 16:00:00,39.02
3/15/2019 16:00:00,39.58
3/18/2019 16:00:00,39.61
3/19/2019 16:00:00,40.07
3/20/2019 16:00:00,39.95
3/21/2019 16:00:00,40.12
3/22/2019 16:00:00,39.65
3/25/2019 16:00:00,39.68
3/26/2019 16:00:00,40.19
3/27/2019 16:00:00,39.81
3/28/2019 16:00:00,40.06
3/29/2019 16:00:00,40.23
4/1/2019 16:00:00,40.58
4/2/2019 16:00:00,40.65
4/3/2019 16:00:00,40.58
4/4/2019 16:00:00,40.49
4/5/2019 16:00:00,40.73
4/8/2019 16:00:00,40.87
4/9/2019 16:00:00,40.58
4/10/2019 16:00:00,40.48
4/11/2019 16:00:00,40.04
4/12/2019 16:00:00,39.51
4/15/2019 16:00:00,39.87
4/16/2019 16:00:00,38.76
4/17/2019 16:00:00,37.78
4/18/2019 16:00:00,37.31
4/22/2019 16:00:00,36.93
4/23/2019 16:00:00,37.34
4/24/2019 16:00:00,37.3
4/25/2019 16:00:00,37.52
4/26/2019 16:00:00,37.86
4/29/2019 16:00:00,37.5
4/30/2019 16:00:00,38.47
5/1/2019 16:00:00,38.62
5/2/2019 16:00:00,38.85
5/3/2019 16:00:00,39.21
5/6/2019 16:00:00,39.46
5/7/2019 16:00:00,38.68
5/8/2019 16:00:00,38.79
5/9/2019 16:00:00,38.5
5/10/2019 16:00:00,38.58
5/13/2019 16:00:00,38.43
5/14/2019 16:00:00,38.52
5/15/2019 16:00:00,38.98
5/16/2019 16:00:00,39.45
5/17/2019 16:00:00,39.29
5/20/2019 16:00:00,39.4
5/21/2019 16:00:00,39.48
5/22/2019 16:00:00,39.78
5/23/2019 16:00:00,39.71
5/24/2019 16:00:00,39.74
5/28/2019 16:00:00,39.69
5/29/2019 16:00:00,39.52
5/30/2019 16:00:00,39.69
5/31/2019 16:00:00,39.33
6/3/2019 16:00:00,39.71
6/4/2019 16:00:00,40.01
6/5/2019 16:00:00,40.24
6/6/2019 16:00:00,40.46
6/7/2019 16:00:00,40.66
6/10/2019 16:00:00,40.8
6/11/2019 16:00:00,40.42
6/12/2019 16:00:00,40.81
6/13/2019 16:00:00,40.26
6/14/2019 16:00:00,40.51
6/17/2019 16:00:00,40.62
6/18/2019 16:00:00,40.8
6/19/2019 16:00:00,41.21
6/20/2019 16:00:00,41.3
6/21/2019 16:00:00,41.37
6/24/2019 16:00:00,41.46
6/25/2019 16:00:00,41.46
6/26/2019 16:00:00,40.73
6/27/2019 16:00:00,41.14
6/28/2019 16:00:00,41.04
7/1/2019 16:00:00,41.46
7/2/2019 16:00:00,41.89
7/3/2019 13:00:00,42.06
7/5/2019 16:00:00,41.61
7/8/2019 16:00:00,41.02
7/9/2019 16:00:00,41.09
7/10/2019 16:00:00,41.74
7/11/2019 16:00:00,40.72
7/12/2019 16:00:00,40.17
7/15/2019 16:00:00,40.5
7/16/2019 16:00:00,40.59
7/17/2019 16:00:00,40.49
7/18/2019 16:00:00,40.79
7/19/2019 16:00:00,40.52
7/22/2019 16:00:00,40.56
7/23/2019 16:00:00,40.82
7/24/2019 16:00:00,40.63
7/25/2019 16:00:00,40.42
7/26/2019 16:00:00,40.82
7/29/2019 16:00:00,39.27
7/30/2019 16:00:00,36.75
7/31/2019 16:00:00,36.79
8/1/2019 16:00:00,36.24
8/2/2019 16:00:00,36
8/5/2019 16:00:00,35.01
8/6/2019 16:00:00,35
8/7/2019 16:00:00,34.65
8/8/2019 16:00:00,34.93
8/9/2019 16:00:00,34.44
8/12/2019 16:00:00,33.53
8/13/2019 16:00:00,33.35
8/14/2019 16:00:00,32.44
8/15/2019 16:00:00,32.66
8/16/2019 16:00:00,32.83
8/19/2019 16:00:00,33.33
8/20/2019 16:00:00,32.79
8/21/2019 16:00:00,33.03
8/22/2019 16:00:00,33.23
8/23/2019 16:00:00,32.53
8/26/2019 16:00:00,33.01
8/27/2019 16:00:00,32.53
8/28/2019 16:00:00,33.23
8/29/2019 16:00:00,33.47
8/30/2019 16:00:00,33.68
9/3/2019 16:00:00,34.22
9/4/2019 16:00:00,33.94
9/5/2019 16:00:00,34.43
9/6/2019 16:00:00,34.58
9/9/2019 16:00:00,34.89
9/10/2019 16:00:00,35.41
9/11/2019 16:00:00,35.44
9/12/2019 16:00:00,35.32
9/13/2019 16:00:00,34.97
9/16/2019 16:00:00,34.89
9/17/2019 16:00:00,34.58
9/18/2019 16:00:00,34.46
9/19/2019 16:00:00,34.59
9/20/2019 16:00:00,34.76
9/23/2019 16:00:00,34.33
9/24/2019 16:00:00,34.11
9/25/2019 16:00:00,34.01
9/26/2019 16:00:00,33.9
9/27/2019 16:00:00,34.31
9/30/2019 16:00:00,34.04
10/1/2019 16:00:00,33.56
10/2/2019 16:00:00,32.87
10/3/2019 16:00:00,33.58
10/4/2019 16:00:00,34.04
10/7/2019 16:00:00,33.94
10/8/2019 16:00:00,33.56
10/9/2019 16:00:00,33.81
10/10/2019 16:00:00,33.91
10/11/2019 16:00:00,34.21
10/14/2019 16:00:00,34.39
10/15/2019 16:00:00,34.58
10/16/2019 16:00:00,34.43
10/17/2019 16:00:00,34.54
10/18/2019 16:00:00,34.54
10/21/2019 16:00:00,34.54
10/22/2019 16:00:00,34.51
10/23/2019 16:00:00,34.83
10/24/2019 16:00:00,34.47
10/25/2019 16:00:00,34.83
10/28/2019 16:00:00,35.32
10/29/2019 16:00:00,36.2
10/30/2019 16:00:00,36.45
10/31/2019 16:00:00,36.35
11/1/2019 16:00:00,36.37
11/4/2019 16:00:00,36.03
11/5/2019 16:00:00,35.51
11/6/2019 16:00:00,35.63
11/7/2019 16:00:00,35.29
11/8/2019 16:00:00,35.1
11/11/2019 16:00:00,34.99
11/12/2019 16:00:00,35.02
11/13/2019 16:00:00,34.67
11/14/2019 16:00:00,34.63
11/15/2019 16:00:00,35.32
11/18/2019 16:00:00,35.26
11/19/2019 16:00:00,35.68
11/20/2019 16:00:00,35.1
11/21/2019 16:00:00,35.75
11/22/2019 16:00:00,36.31
11/25/2019 16:00:00,36.64
11/26/2019 16:00:00,36.27
11/27/2019 16:00:00,36.6
11/29/2019 13:00:00,36.49
12/2/2019 16:00:00,36.27
12/3/2019 16:00:00,36.05
12/4/2019 16:00:00,36.13
12/5/2019 16:00:00,36.03
12/6/2019 16:00:00,36.27
12/9/2019 16:00:00,36.3
12/10/2019 16:00:00,36.45
12/11/2019 16:00:00,36.21
12/12/2019 16:00:00,36.51
12/13/2019 16:00:00,36.31
12/16/2019 16:00:00,37.08
12/17/2019 16:00:00,36.85
12/18/2019 16:00:00,36.84
12/19/2019 16:00:00,36.92
12/20/2019 16:00:00,37.16
12/23/2019 16:00:00,37.25
12/24/2019 13:00:00,37.22
12/26/2019 16:00:00,37.31
12/27/2019 16:00:00,37.25
12/30/2019 16:00:00,36.86
12/31/2019 16:00:00,37.12
1/2/2020 16:00:00,37.08
1/3/2020 16:00:00,36.88
1/6/2020 16:00:00,36.83
1/7/2020 16:00:00,36.71
1/8/2020 16:00:00,37
1/9/2020 16:00:00,36.84
1/10/2020 16:00:00,37.41
1/13/2020 16:00:00,37.33
1/14/2020 16:00:00,37.96
1/15/2020 16:00:00,38.53
1/16/2020 16:00:00,38.47
1/17/2020 16:00:00,38.38
1/21/2020 16:00:00,38.22
1/22/2020 16:00:00,38.07
1/23/2020 16:00:00,38.57
1/24/2020 16:00:00,37.72
1/27/2020 16:00:00,38.04
1/28/2020 16:00:00,36.13
1/29/2020 16:00:00,35.6
1/30/2020 16:00:00,35.12
1/31/2020 16:00:00,35.28
2/3/2020 16:00:00,35.53
2/4/2020 16:00:00,35.71
2/5/2020 16:00:00,36.16
2/6/2020 16:00:00,36.25
2/7/2020 16:00:00,36.05
2/10/2020 16:00:00,35.82
2/11/2020 16:00:00,36.08
2/12/2020 16:00:00,35.75
2/13/2020 16:00:00,34.99
2/14/2020 16:00:00,34.59
2/18/2020 16:00:00,34.41
2/19/2020 16:00:00,34.32
2/20/2020 16:00:00,33.96
2/21/2020 16:00:00,33.84
2/24/2020 16:00:00,32.84
2/25/2020 16:00:00,32.14
2/26/2020 16:00:00,32.89
2/27/2020 16:00:00,32.3
2/28/2020 16:00:00,31.66
3/2/2020 16:00:00,33.04
3/3/2020 16:00:00,32.49
3/4/2020 16:00:00,34.48
3/5/2020 16:00:00,33.59
3/6/2020 16:00:00,33.18
3/9/2020 16:00:00,31.98
3/10/2020 16:00:00,32.77
3/11/2020 16:00:00,30.48
3/12/2020 16:00:00,28.44
3/13/2020 16:00:00,30.99
3/16/2020 16:00:00,28.59
3/17/2020 16:00:00,30.47
3/18/2020 16:00:00,30.66
3/19/2020 16:00:00,28.82
3/20/2020 16:00:00,27.48
3/23/2020 16:00:00,26.99
3/24/2020 16:00:00,28.14
3/25/2020 16:00:00,28.18
3/26/2020 16:00:00,30.08
3/27/2020 16:00:00,29.27
3/30/2020 16:00:00,30.95
3/31/2020 16:00:00,30.92
4/1/2020 16:00:00,30.08
4/2/2020 16:00:00,31.14
4/3/2020 16:00:00,31.87
4/6/2020 16:00:00,32.75
4/7/2020 16:00:00,31.84
4/8/2020 16:00:00,32.78
4/9/2020 16:00:00,33.53
4/13/2020 16:00:00,33.29
4/14/2020 16:00:00,34.52
4/15/2020 16:00:00,34.08
4/16/2020 16:00:00,33.99
4/17/2020 16:00:00,34.97
4/20/2020 16:00:00,34.18
4/21/2020 16:00:00,33.74
4/22/2020 16:00:00,34.34
4/23/2020 16:00:00,34.76
4/24/2020 16:00:00,35.41
4/27/2020 16:00:00,36.31
4/28/2020 16:00:00,35.91
4/29/2020 16:00:00,36.11
4/30/2020 16:00:00,36.34
5/1/2020 16:00:00,35.66
5/4/2020 16:00:00,35.64
5/5/2020 16:00:00,36.48
5/6/2020 16:00:00,36.48
5/7/2020 16:00:00,35.01
5/8/2020 16:00:00,35.26
5/11/2020 16:00:00,36.09
5/12/2020 16:00:00,35.39
5/13/2020 16:00:00,35.1
5/14/2020 16:00:00,35.92
5/15/2020 16:00:00,35.77
5/18/2020 16:00:00,36.07
5/19/2020 16:00:00,35.7
5/20/2020 16:00:00,35.65
5/21/2020 16:00:00,35.3
5/22/2020 16:00:00,35.53
5/26/2020 16:00:00,35.52
5/27/2020 16:00:00,35.44
5/28/2020 16:00:00,36.17
5/29/2020 16:00:00,36.18
6/1/2020 16:00:00,33.59
6/2/2020 16:00:00,34.26
6/3/2020 16:00:00,34.26
6/4/2020 16:00:00,34.11
6/5/2020 16:00:00,34.09
6/8/2020 16:00:00,34.66
6/9/2020 16:00:00,34.3
6/10/2020 16:00:00,34.03
6/11/2020 16:00:00,31.55
6/12/2020 16:00:00,31.97
6/15/2020 16:00:00,31.6
6/16/2020 16:00:00,31.64
6/17/2020 16:00:00,31.79
6/18/2020 16:00:00,31.49
6/19/2020 16:00:00,31.66
6/22/2020 16:00:00,31.37
6/23/2020 16:00:00,31.04
6/24/2020 16:00:00,30.49
6/25/2020 16:00:00,30.62
6/26/2020 16:00:00,30.35
6/29/2020 16:00:00,30.92
6/30/2020 16:00:00,30.98
7/1/2020 16:00:00,31.96
7/2/2020 16:00:00,32.69
7/6/2020 16:00:00,32.69
7/7/2020 16:00:00,32.24
7/8/2020 16:00:00,31.97
7/9/2020 16:00:00,31.7
7/10/2020 16:00:00,32.05
7/13/2020 16:00:00,33.36
7/14/2020 16:00:00,33.37
7/15/2020 16:00:00,33.84
7/16/2020 16:00:00,33.73
7/17/2020 16:00:00,34.34
7/20/2020 16:00:00,34.58
7/21/2020 16:00:00,34.76
7/22/2020 16:00:00,36.53
7/23/2020 16:00:00,36.39
7/24/2020 16:00:00,35.68
7/27/2020 16:00:00,35.56
7/28/2020 16:00:00,36.96
7/29/2020 16:00:00,37.19
7/30/2020 16:00:00,36.7
7/31/2020 16:00:00,36.45
8/3/2020 16:00:00,36.33
8/4/2020 16:00:00,36.37
8/5/2020 16:00:00,36.42
8/6/2020 16:00:00,36.25
8/7/2020 16:00:00,36.42
8/10/2020 16:00:00,36.37
8/11/2020 16:00:00,35.8
8/12/2020 16:00:00,36.31
8/13/2020 16:00:00,36.16
8/14/2020 16:00:00,36.06
8/17/2020 16:00:00,36.33
8/18/2020 16:00:00,36.34
8/19/2020 16:00:00,36.25
8/20/2020 16:00:00,36.68
8/21/2020 16:00:00,36.83
8/24/2020 16:00:00,36.79
8/25/2020 16:00:00,36.39
8/26/2020 16:00:00,36.05
8/27/2020 16:00:00,35.87
8/28/2020 16:00:00,35.91
8/31/2020 16:00:00,35.8
9/1/2020 16:00:00,34.94
9/2/2020 16:00:00,35.24
9/3/2020 16:00:00,34.48
9/4/2020 16:00:00,34.45
9/8/2020 16:00:00,34.04
9/9/2020 16:00:00,34.27
9/10/2020 16:00:00,33.77
9/11/2020 16:00:00,34.17
9/14/2020 16:00:00,35.06
9/15/2020 16:00:00,35.01
9/16/2020 16:00:00,34.84
9/17/2020 16:00:00,34.88
9/18/2020 16:00:00,34.7
9/21/2020 16:00:00,34.12
9/22/2020 16:00:00,34.34
9/23/2020 16:00:00,34.1
9/24/2020 16:00:00,33.88
9/25/2020 16:00:00,34.15
9/28/2020 16:00:00,34.47
9/29/2020 16:00:00,34.27
9/30/2020 16:00:00,34.77
10/1/2020 16:00:00,34.45
10/2/2020 16:00:00,34.46
10/5/2020 16:00:00,34.81
10/6/2020 16:00:00,34.27
10/7/2020 16:00:00,34.55
10/8/2020 16:00:00,34.95
10/9/2020 16:00:00,34.85
10/12/2020 16:00:00,34.88
10/13/2020 16:00:00,34.96
10/14/2020 16:00:00,34.92
10/15/2020 16:00:00,34.63
10/16/2020 16:00:00,35.95
10/19/2020 16:00:00,35.81
10/20/2020 16:00:00,35.52
10/21/2020 16:00:00,35.13
10/22/2020 16:00:00,35.46
10/23/2020 16:00:00,36.17
10/26/2020 16:00:00,35.92
10/27/2020 16:00:00,35.46
10/28/2020 16:00:00,33.58
10/29/2020 16:00:00,33.42
10/30/2020 16:00:00,33.61
11/2/2020 16:00:00,34.32
11/3/2020 16:00:00,34.28
11/4/2020 16:00:00,35.36
11/5/2020 16:00:00,34.47
11/6/2020 16:00:00,34.48
11/9/2020 16:00:00,37.14
11/10/2020 16:00:00,36.64
11/11/2020 16:00:00,36.47
11/12/2020 16:00:00,35.57
11/13/2020 16:00:00,36.59
11/16/2020 16:00:00,35.36
11/17/2020 16:00:00,36.04
11/18/2020 16:00:00,36.32
11/19/2020 16:00:00,36.19
11/20/2020 16:00:00,36.7
11/23/2020 16:00:00,36.52
11/24/2020 16:00:00,36.6
11/25/2020 16:00:00,36.53
11/27/2020 13:00:00,37.23
11/30/2020 16:00:00,38.31
12/1/2020 16:00:00,39.41
12/2/2020 16:00:00,40.8
12/3/2020 16:00:00,40.09
12/4/2020 16:00:00,40.34
12/7/2020 16:00:00,41.25
12/8/2020 16:00:00,42.56
12/9/2020 16:00:00,41.85
12/10/2020 16:00:00,41.73
12/11/2020 16:00:00,41.12
12/14/2020 16:00:00,39.21
12/15/2020 16:00:00,38.71
12/16/2020 16:00:00,37.84
12/17/2020 16:00:00,38.03
12/18/2020 16:00:00,37.68
12/21/2020 16:00:00,37.38
12/22/2020 16:00:00,36.74
12/23/2020 16:00:00,37.44
12/24/2020 13:00:00,37.27
12/28/2020 16:00:00,36.82
12/29/2020 16:00:00,37.05
12/30/2020 16:00:00,36.74
12/31/2020 16:00:00,36.81
1/4/2021 16:00:00,36.81
1/5/2021 16:00:00,37.19
1/6/2021 16:00:00,36.87
1/7/2021 16:00:00,37.06
1/8/2021 16:00:00,37.13
1/11/2021 16:00:00,37.77
1/12/2021 16:00:00,37.18
1/13/2021 16:00:00,36.86
1/14/2021 16:00:00,36.75
1/15/2021 16:00:00,36.7
1/19/2021 16:00:00,36.73
1/20/2021 16:00:00,36.5
1/21/2021 16:00:00,36.48
1/22/2021 16:00:00,36.55
1/25/2021 16:00:00,37.28
1/26/2021 16:00:00,37.31
1/27/2021 16:00:00,36.24
1/28/2021 16:00:00,35.86
1/29/2021 16:00:00,35.9
2/1/2021 16:00:00,35.8
2/2/2021 16:00:00,34.99
2/3/2021 16:00:00,34.84
2/4/2021 16:00:00,34.89
2/5/2021 16:00:00,34.92
2/8/2021 16:00:00,34.82
2/9/2021 16:00:00,34.97
2/10/2021 16:00:00,34.74
2/11/2021 16:00:00,34.43
2/12/2021 16:00:00,34.72
2/16/2021 16:00:00,34.69
2/17/2021 16:00:00,34.89
2/18/2021 16:00:00,34.56
2/19/2021 16:00:00,34.44
2/22/2021 16:00:00,34.26
2/23/2021 16:00:00,33.91
2/24/2021 16:00:00,33.75
2/25/2021 16:00:00,33.82
2/26/2021 16:00:00,33.49
3/1/2021 16:00:00,33.69
3/2/2021 16:00:00,33.51
3/3/2021 16:00:00,34.39
3/4/2021 16:00:00,34.2
3/5/2021 16:00:00,34.39
3/8/2021 16:00:00,34.35
3/9/2021 16:00:00,34.45
3/10/2021 16:00:00,34.93
3/11/2021 16:00:00,34.71
3/12/2021 16:00:00,34.94
3/15/2021 16:00:00,35.41
3/16/2021 16:00:00,35.83
3/17/2021 16:00:00,35.79
3/18/2021 16:00:00,35.77
3/19/2021 16:00:00,35.53
3/22/2021 16:00:00,36
3/23/2021 16:00:00,35.36
3/24/2021 16:00:00,35.61
3/25/2021 16:00:00,35.67
3/26/2021 16:00:00,36.25
3/29/2021 16:00:00,36.62
3/30/2021 16:00:00,36.11
3/31/2021 16:00:00,36.23
4/1/2021 16:00:00,36.3
4/5/2021 16:00:00,36.28
4/6/2021 16:00:00,36.05
4/7/2021 16:00:00,35.91
4/8/2021 16:00:00,35.96
4/9/2021 16:00:00,36.6
4/12/2021 16:00:00,36.97
4/13/2021 16:00:00,37.16
4/14/2021 16:00:00,37.17
4/15/2021 16:00:00,37.6
4/16/2021 16:00:00,38.57
4/19/2021 16:00:00,38.93
4/20/2021 16:00:00,39.03
4/21/2021 16:00:00,39.53
4/22/2021 16:00:00,38.64
4/23/2021 16:00:00,38.66
4/26/2021 16:00:00,38.68
4/27/2021 16:00:00,38.45
4/28/2021 16:00:00,38.81
4/29/2021 16:00:00,38.6
4/30/2021 16:00:00,38.65
5/3/2021 16:00:00,39.83
5/4/2021 16:00:00,39.95
5/5/2021 16:00:00,39.97
5/6/2021 16:00:00,39.19
5/7/2021 16:00:00,39.58
5/10/2021 16:00:00,39.86
5/11/2021 16:00:00,39.35
5/12/2021 16:00:00,39.69
5/13/2021 16:00:00,40.1
5/14/2021 16:00:00,40.02
5/17/2021 16:00:00,40.11
5/18/2021 16:00:00,40.05
5/19/2021 16:00:00,39.83
5/20/2021 16:00:00,40.12
5/21/2021 16:00:00,39.95
5/24/2021 16:00:00,39.81
5/25/2021 16:00:00,39.33
5/26/2021 16:00:00,38.92
5/27/2021 16:00:00,38.65
5/28/2021 16:00:00,38.73
6/1/2021 16:00:00,38.5
6/2/2021 16:00:00,38.79
6/3/2021 16:00:00,38.97
6/4/2021 16:00:00,39.15
6/7/2021 16:00:00,38.99
6/8/2021 16:00:00,38.85
6/9/2021 16:00:00,39.81
6/10/2021 16:00:00,40.68
6/11/2021 16:00:00,40.15
6/14/2021 16:00:00,39.63
6/15/2021 16:00:00,39.59
6/16/2021 16:00:00,39.3
6/17/2021 16:00:00,39.48
6/18/2021 16:00:00,38.81
6/21/2021 16:00:00,39.42
6/22/2021 16:00:00,39.61
6/23/2021 16:00:00,39.05
6/24/2021 16:00:00,39.19
6/25/2021 16:00:00,38.98
6/28/2021 16:00:00,39.12
6/29/2021 16:00:00,39.1
6/30/2021 16:00:00,39.16
7/1/2021 16:00:00,39.56
7/2/2021 16:00:00,39.73
7/6/2021 16:00:00,39.29
7/7/2021 16:00:00,39.35
7/8/2021 16:00:00,39.25
7/9/2021 16:00:00,39.61
7/12/2021 16:00:00,39.76
7/13/2021 16:00:00,39.65
7/14/2021 16:00:00,39.95
7/15/2021 16:00:00,40.09
7/16/2021 16:00:00,40.35
7/19/2021 16:00:00,40.15
7/20/2021 16:00:00,41.05
7/21/2021 16:00:00,41.02
7/22/2021 16:00:00,41.47
7/23/2021 16:00:00,41.68
7/26/2021 16:00:00,41.81
7/27/2021 16:00:00,42.1
7/28/2021 16:00:00,43.45
7/29/2021 16:00:00,42.79
7/30/2021 16:00:00,42.81
8/2/2021 16:00:00,43.96
8/3/2021 16:00:00,45.68
8/4/2021 16:00:00,45.19
8/5/2021 16:00:00,45.06
8/6/2021 16:00:00,45.07
8/9/2021 16:00:00,45.98
8/10/2021 16:00:00,48.19
8/11/2021 16:00:00,46.31
8/12/2021 16:00:00,47.24
8/13/2021 16:00:00,48.48
8/16/2021 16:00:00,48.91
8/17/2021 16:00:00,50.42
8/18/2021 16:00:00,49.31
8/19/2021 16:00:00,48.8
8/20/2021 16:00:00,48.72
8/23/2021 16:00:00,49.93
8/24/2021 16:00:00,48.38
8/25/2021 16:00:00,47.51
8/26/2021 16:00:00,47.38
8/27/2021 16:00:00,46.6
8/30/2021 16:00:00,46.76
8/31/2021 16:00:00,46.07
9/1/2021 16:00:00,46.04
9/2/2021 16:00:00,46.84
9/3/2021 16:00:00,46.84
9/7/2021 16:00:00,46.75
9/8/2021 16:00:00,46.51
9/9/2021 16:00:00,46.03
9/10/2021 16:00:00,45.59
9/13/2021 16:00:00,44.58
9/14/2021 16:00:00,44.71
9/15/2021 16:00:00,44.77
9/16/2021 16:00:00,44.47
9/17/2021 16:00:00,43.89
9/20/2021 16:00:00,44.2
9/21/2021 16:00:00,43.92
9/22/2021 16:00:00,43.95
9/23/2021 16:00:00,44.19
9/24/2021 16:00:00,43.94
9/27/2021 16:00:00,43.57
9/28/2021 16:00:00,43.04
9/29/2021 16:00:00,43.53
9/30/2021 16:00:00,43.01
10/1/2021 16:00:00,42.93
10/4/2021 16:00:00,42.42
10/5/2021 16:00:00,42.32
10/6/2021 16:00:00,42.02
10/7/2021 16:00:00,42.74
10/8/2021 16:00:00,42.45
10/11/2021 16:00:00,42.06
10/12/2021 16:00:00,41.85
10/13/2021 16:00:00,41.42
10/14/2021 16:00:00,41.67
10/15/2021 16:00:00,41.49
10/18/2021 16:00:00,41.32
10/19/2021 16:00:00,42.09
10/20/2021 16:00:00,42.8
10/21/2021 16:00:00,42.86
10/22/2021 16:00:00,43.16
10/25/2021 16:00:00,43.15
10/26/2021 16:00:00,43.56
10/27/2021 16:00:00,42.97
10/28/2021 16:00:00,43.18
10/29/2021 16:00:00,43.74
11/1/2021 16:00:00,43.64
11/2/2021 16:00:00,45.45
11/3/2021 16:00:00,44.82
11/4/2021 16:00:00,43.85
11/5/2021 16:00:00,48.61
11/8/2021 16:00:00,48.33
11/9/2021 16:00:00,47.3
11/10/2021 16:00:00,49.02
11/11/2021 16:00:00,50.18
11/12/2021 16:00:00,49.73
11/15/2021 16:00:00,49.65
11/16/2021 16:00:00,49.6
11/17/2021 16:00:00,50.87
11/18/2021 16:00:00,51.41
11/19/2021 16:00:00,50.8
11/22/2021 16:00:00,51.2
11/23/2021 16:00:00,51.08
11/24/2021 16:00:00,50.89
11/26/2021 13:00:00,54
11/29/2021 16:00:00,52.4
11/30/2021 16:00:00,53.73
12/1/2021 16:00:00,54.68
12/2/2021 16:00:00,53.04
12/3/2021 16:00:00,54.27
12/6/2021 16:00:00,51.48
12/7/2021 16:00:00,51.72
12/8/2021 16:00:00,51.4
12/9/2021 16:00:00,52.08
12/10/2021 16:00:00,52.78
12/13/2021 16:00:00,55.2
12/14/2021 16:00:00,55.54
12/15/2021 16:00:00,58.8
12/16/2021 16:00:00,61.25
12/17/2021 16:00:00,59.48
12/20/2021 16:00:00,61.02
12/21/2021 16:00:00,58.95
12/22/2021 16:00:00,59.55
12/23/2021 16:00:00,58.71
12/27/2021 16:00:00,59.2
12/28/2021 16:00:00,58.01
12/29/2021 16:00:00,57.58
12/30/2021 16:00:00,58.4
12/31/2021 16:00:00,59.05
1/3/2022 16:00:00,56.65
1/4/2022 16:00:00,54.53
1/5/2022 16:00:00,55.63
1/6/2022 16:00:00,54.84
1/7/2022 16:00:00,55.72
1/10/2022 16:00:00,56.24
1/11/2022 16:00:00,56.69
1/12/2022 16:00:00,56.65
1/13/2022 16:00:00,55.54
1/14/2022 16:00:00,54.95
1/18/2022 16:00:00,54.11
1/19/2022 16:00:00,53.54
1/20/2022 16:00:00,54.05
1/21/2022 16:00:00,52.79
1/24/2022 16:00:00,51.54
1/25/2022 16:00:00,52.54
1/26/2022 16:00:00,53.01
1/27/2022 16:00:00,53.37
1/28/2022 16:00:00,54.33
1/31/2022 16:00:00,52.69
2/1/2022 16:00:00,53.07
2/2/2022 16:00:00,53.86
2/3/2022 16:00:00,53.38
2/4/2022 16:00:00,53
2/7/2022 16:00:00,53.21
2/8/2022 16:00:00,51.7
2/9/2022 16:00:00,51.47
2/10/2022 16:00:00,50.6
2/11/2022 16:00:00,50.78
2/14/2022 16:00:00,49.8
2/15/2022 16:00:00,49.79
2/16/2022 16:00:00,49.68
2/17/2022 16:00:00,48.9
2/18/2022 16:00:00,48.53
2/22/2022 16:00:00,47.53
2/23/2022 16:00:00,46.87
2/24/2022 16:00:00,45.96
2/25/2022 16:00:00,47.72
2/28/2022 16:00:00,46.94
3/1/2022 16:00:00,45.75
3/2/2022 16:00:00,47.7
3/3/2022 16:00:00,47.83
3/4/2022 16:00:00,48.65
3/7/2022 16:00:00,47.98
3/8/2022 16:00:00,47.44
3/9/2022 16:00:00,48.75
3/10/2022 16:00:00,49.2
3/11/2022 16:00:00,50.27
3/14/2022 16:00:00,52.25
3/15/2022 16:00:00,52.21
3/16/2022 16:00:00,52.92
3/17/2022 16:00:00,54.24
3/18/2022 16:00:00,54.51
3/21/2022 16:00:00,54.19
3/22/2022 16:00:00,53.04
3/23/2022 16:00:00,52.19
3/24/2022 16:00:00,52.59
3/25/2022 16:00:00,52.78
3/28/2022 16:00:00,53.28
3/29/2022 16:00:00,52.74
3/30/2022 16:00:00,52.44
3/31/2022 16:00:00,51.77
4/1/2022 16:00:00,51.57
4/4/2022 16:00:00,50.94
4/5/2022 16:00:00,51.24
4/6/2022 16:00:00,52.87
4/7/2022 16:00:00,55.16
4/8/2022 16:00:00,55.17
4/11/2022 16:00:00,53.93
4/12/2022 16:00:00,53.11
4/13/2022 16:00:00,53.1
4/14/2022 16:00:00,53.12
4/18/2022 16:00:00,51.84
4/19/2022 16:00:00,50.18
4/20/2022 16:00:00,49.75
4/21/2022 16:00:00,49.11
4/22/2022 16:00:00,48.13
4/25/2022 16:00:00,48.95
4/26/2022 16:00:00,49.03
4/27/2022 16:00:00,49.74
4/28/2022 16:00:00,50.51
4/29/2022 16:00:00,49.07
5/2/2022 16:00:00,48.34
5/3/2022 16:00:00,49.29
5/4/2022 16:00:00,49.66
5/5/2022 16:00:00,48.45
5/6/2022 16:00:00,49.04
5/9/2022 16:00:00,48.64
5/10/2022 16:00:00,49.49
5/11/2022 16:00:00,49.45
5/12/2022 16:00:00,50.39
5/13/2022 16:00:00,49.92
5/16/2022 16:00:00,50.67
5/17/2022 16:00:00,51.34
5/18/2022 16:00:00,50.4
5/19/2022 16:00:00,50.65
5/20/2022 16:00:00,52.47
5/23/2022 16:00:00,52.88
5/24/2022 16:00:00,53.41
5/25/2022 16:00:00,53.71
5/26/2022 16:00:00,53.99
5/27/2022 16:00:00,53.91
5/31/2022 16:00:00,53.04
6/1/2022 16:00:00,52.37
6/2/2022 16:00:00,52.68
6/3/2022 16:00:00,53.2
6/6/2022 16:00:00,53.26
6/7/2022 16:00:00,53.96
6/8/2022 16:00:00,53.47
6/9/2022 16:00:00,51.78
6/10/2022 16:00:00,49.97
6/13/2022 16:00:00,47.91
6/14/2022 16:00:00,47.92
6/15/2022 16:00:00,48.51
6/16/2022 16:00:00,47.48
6/17/2022 16:00:00,46.53
6/21/2022 16:00:00,48.11
6/22/2022 16:00:00,49.07
6/23/2022 16:00:00,50.09
6/24/2022 16:00:00,51.59
6/27/2022 16:00:00,51.88
6/28/2022 16:00:00,50.66
6/29/2022 16:00:00,50.94
6/30/2022 16:00:00,52.43
7/1/2022 16:00:00,52.31
7/5/2022 16:00:00,51.64
7/6/2022 16:00:00,52.75
7/7/2022 16:00:00,53.42
7/8/2022 16:00:00,53.17
7/11/2022 16:00:00,52.89
7/12/2022 16:00:00,52.04
7/13/2022 16:00:00,51.79
7/14/2022 16:00:00,51.39
7/15/2022 16:00:00,51.75
7/18/2022 16:00:00,50.75
7/19/2022 16:00:00,51.37
7/20/2022 16:00:00,50.82
7/21/2022 16:00:00,51.12
7/22/2022 16:00:00,51.23
7/25/2022 16:00:00,51.77
7/26/2022 16:00:00,52.3
7/27/2022 16:00:00,51.95
7/28/2022 16:00:00,50.72
7/29/2022 16:00:00,50.51
8/1/2022 16:00:00,50.61
8/2/2022 16:00:00,49.69
8/3/2022 16:00:00,49.86
8/4/2022 16:00:00,49.86
8/5/2022 16:00:00,49.27
8/8/2022 16:00:00,49.57
8/9/2022 16:00:00,49.78
8/10/2022 16:00:00,49.95
8/11/2022 16:00:00,48.29
8/12/2022 16:00:00,50.11
8/15/2022 16:00:00,49.75
8/16/2022 16:00:00,49.86
8/17/2022 16:00:00,49.27
8/18/2022 16:00:00,48.58
8/19/2022 16:00:00,49.15
8/22/2022 16:00:00,48.9
8/23/2022 16:00:00,48.01
8/24/2022 16:00:00,47.43
8/25/2022 16:00:00,47.9
8/26/2022 16:00:00,46.82
8/29/2022 16:00:00,46.23
8/30/2022 16:00:00,45.85
8/31/2022 16:00:00,45.23
9/1/2022 16:00:00,46.63
9/2/2022 16:00:00,45.7
9/6/2022 16:00:00,45.76
9/7/2022 16:00:00,46.13
9/8/2022 16:00:00,47.08
9/9/2022 16:00:00,47.84
9/12/2022 16:00:00,47.76
9/13/2022 16:00:00,46.19
9/14/2022 16:00:00,46.15
9/15/2022 16:00:00,45.94
9/16/2022 16:00:00,46.03
9/19/2022 16:00:00,45.44
9/20/2022 16:00:00,44.77
9/21/2022 16:00:00,43.92
9/22/2022 16:00:00,44.57
9/23/2022 16:00:00,44.08
9/26/2022 16:00:00,43.83
9/27/2022 16:00:00,44.09
9/28/2022 16:00:00,44.43
9/29/2022 16:00:00,44.16
9/30/2022 16:00:00,43.76
10/3/2022 16:00:00,44.14
10/4/2022 16:00:00,44.46
10/5/2022 16:00:00,44.12
10/6/2022 16:00:00,43.09
10/7/2022 16:00:00,42.32
10/10/2022 16:00:00,41.75
10/11/2022 16:00:00,41.92
10/12/2022 16:00:00,42.03
10/13/2022 16:00:00,42.98
10/14/2022 16:00:00,42.86
10/17/2022 16:00:00,43.65
10/18/2022 16:00:00,44.09
10/19/2022 16:00:00,43.11
10/20/2022 16:00:00,42.91
10/21/2022 16:00:00,44.95
10/24/2022 16:00:00,45.54
10/25/2022 16:00:00,45.59
10/26/2022 16:00:00,46.06
10/27/2022 16:00:00,45.74
10/28/2022 16:00:00,47.43
10/31/2022 16:00:00,46.55
11/1/2022 16:00:00,48.01
11/2/2022 16:00:00,47.07
11/3/2022 16:00:00,46.57
11/4/2022 16:00:00,47.22
11/7/2022 16:00:00,47.09
11/8/2022 16:00:00,47.35
11/9/2022 16:00:00,46.72
11/10/2022 16:00:00,47.38
11/11/2022 16:00:00,47.6
11/14/2022 16:00:00,49.24
11/15/2022 16:00:00,48.57
11/16/2022 16:00:00,48.05
11/17/2022 16:00:00,48.33
11/18/2022 16:00:00,48.23
11/21/2022 16:00:00,48.18
11/22/2022 16:00:00,49.08
11/23/2022 16:00:00,48.85
11/25/2022 13:00:00,49.21
11/28/2022 16:00:00,49.57
11/29/2022 16:00:00,49.49
11/30/2022 16:00:00,50.13
12/1/2022 16:00:00,51.08
12/2/2022 16:00:00,50.91
12/5/2022 16:00:00,50.73
12/6/2022 16:00:00,49.71
12/7/2022 16:00:00,50.24
12/8/2022 16:00:00,51.78
12/9/2022 16:00:00,51.72
12/12/2022 16:00:00,52.16
12/13/2022 16:00:00,53.07
12/14/2022 16:00:00,54.48
12/15/2022 16:00:00,53.61
12/16/2022 16:00:00,51.4
12/19/2022 16:00:00,51.36
12/20/2022 16:00:00,51.32
12/21/2022 16:00:00,51.66
12/22/2022 16:00:00,51.64
12/23/2022 16:00:00,51.83
12/27/2022 16:00:00,51.13
12/28/2022 16:00:00,50.8
12/29/2022 16:00:00,51.33
12/30/2022 16:00:00,51.24
1/3/2023 16:00:00,51.26
1/4/2023 16:00:00,50.13
1/5/2023 16:00:00,49.66
1/6/2023 16:00:00,50.92
1/9/2023 16:00:00,48.39
1/10/2023 16:00:00,47.62
1/11/2023 16:00:00,47.45
1/12/2023 16:00:00,47.71
1/13/2023 16:00:00,47.85
1/17/2023 16:00:00,46.08
1/18/2023 16:00:00,45
1/19/2023 16:00:00,44.96
1/20/2023 16:00:00,45.11
1/23/2023 16:00:00,44.98
1/24/2023 16:00:00,44.71
1/25/2023 16:00:00,45.07
1/26/2023 16:00:00,44.25
1/27/2023 16:00:00,43.79
1/30/2023 16:00:00,43.55
1/31/2023 16:00:00,44.16
2/1/2023 16:00:00,43.97
2/2/2023 16:00:00,44.34
2/3/2023 16:00:00,44.06
2/6/2023 16:00:00,43.76
2/7/2023 16:00:00,43.59
2/8/2023 16:00:00,43.98
2/9/2023 16:00:00,43.34
2/10/2023 16:00:00,43.88
2/13/2023 16:00:00,43.99
2/14/2023 16:00:00,43.72
2/15/2023 16:00:00,43.32
2/16/2023 16:00:00,42.95
2/17/2023 16:00:00,43.21
2/21/2023 16:00:00,42.7
2/22/2023 16:00:00,42.38
2/23/2023 16:00:00,42.3
2/24/2023 16:00:00,41.75
2/27/2023 16:00:00,40.78
2/28/2023 16:00:00,40.57
3/1/2023 16:00:00,40.18
3/2/2023 16:00:00,40.62
3/3/2023 16:00:00,41.15
3/6/2023 16:00:00,41.11
3/7/2023 16:00:00,40.34
3/8/2023 16:00:00,40.12
3/9/2023 16:00:00,39.46
3/10/2023 16:00:00,39.39
3/13/2023 16:00:00,39.86
3/14/2023 16:00:00,39.9
3/15/2023 16:00:00,40.28
3/16/2023 16:00:00,40.37
3/17/2023 16:00:00,40.1
3/20/2023 16:00:00,40.81
3/21/2023 16:00:00,40.66
3/22/2023 16:00:00,40.01
3/23/2023 16:00:00,40.18
3/24/2023 16:00:00,40.39
3/27/2023 16:00:00,40.22
3/28/2023 16:00:00,39.99
3/29/2023 16:00:00,40.25
3/30/2023 16:00:00,40.38
3/31/2023 16:00:00,40.8
4/3/2023 16:00:00,41.35
4/4/2023 16:00:00,40.9
4/5/2023 16:00:00,41.55
4/6/2023 16:00:00,41.5
4/10/2023 16:00:00,41.73
4/11/2023 16:00:00,41.79
4/12/2023 16:00:00,41.37
4/13/2023 16:00:00,41.47
4/14/2023 16:00:00,41.19
4/17/2023 16:00:00,41.18
4/18/2023 16:00:00,40.55
4/19/2023 16:00:00,40.24
4/20/2023 16:00:00,39.85
4/21/2023 16:00:00,40.21
4/24/2023 16:00:00,39.91
4/25/2023 16:00:00,39.33
4/26/2023 16:00:00,38.63
4/27/2023 16:00:00,38.74
4/28/2023 16:00:00,38.89
5/1/2023 16:00:00,39.21
5/2/2023 16:00:00,39.06
5/3/2023 16:00:00,38.45
5/4/2023 16:00:00,38.23
5/5/2023 16:00:00,38.49
5/8/2023 16:00:00,38.67
5/9/2023 16:00:00,38.48
5/10/2023 16:00:00,38.3
5/11/2023 16:00:00,37.58
5/12/2023 16:00:00,37.35
5/15/2023 16:00:00,37.16
5/16/2023 16:00:00,37.01
5/17/2023 16:00:00,36.75
5/18/2023 16:00:00,36.48
5/19/2023 16:00:00,36.77
5/22/2023 16:00:00,38.75
5/23/2023 16:00:00,39.64
5/24/2023 16:00:00,38.63
5/25/2023 16:00:00,37.83
5/26/2023 16:00:00,37.6
5/30/2023 16:00:00,37.01
5/31/2023 16:00:00,38.02
6/1/2023 16:00:00,38.02
6/2/2023 16:00:00,38.36
6/5/2023 16:00:00,38.65
6/6/2023 16:00:00,38.37
6/7/2023 16:00:00,38.89
6/8/2023 16:00:00,39.09
6/9/2023 16:00:00,38.97
6/12/2023 16:00:00,39.9
6/13/2023 16:00:00,40.28
6/14/2023 16:00:00,39.36
6/15/2023 16:00:00,39.75
6/16/2023 16:00:00,40.06
6/20/2023 16:00:00,39.34
6/21/2023 16:00:00,38.9
6/22/2023 16:00:00,38.73
6/23/2023 16:00:00,38.3
6/26/2023 16:00:00,36.89
6/27/2023 16:00:00,36.42
6/28/2023 16:00:00,36.29
6/29/2023 16:00:00,36.12
6/30/2023 16:00:00,36.68
7/3/2023 13:00:00,36.65